{
	"parent": "rays_3d_rails:block/iron/rail_powered_detector_comparator_1_off",
	"textures": {
		"base_1": "rays_3d_rails:block/oak/base_3",
		"base_2": "rays_3d_rails:block/oak/base_2",
		"base_3": "rays_3d_rails:block/oak/base_4",
		"base_4": "rays_3d_rails:block/oak/base_1",
		"rail_1": "rays_3d_rails:block/iron/rail_3",
		"rail_2": "rays_3d_rails:block/iron/rail_4",
		"redstone_1": "rays_3d_rails:block/redstone/rail_3_on",
		"redstone_2": "rays_3d_rails:block/redstone/rail_4_on",
		"gold_1": "rays_3d_rails:block/gold/rail_3",
		"gold_2": "rays_3d_rails:block/gold/rail_4",
		"redstone_inverter": "rays_3d_rails:block/redstone/rail_1_on"
	}
}