{
	"parent": "rays_3d_rails:block/iron/rail_activator_raised_sw_1_off",
	"textures": {
		"base_1": "rays_3d_rails:block/oak/base_2",
		"base_2": "rays_3d_rails:block/oak/base_4",
		"base_3": "rays_3d_rails:block/oak/base_1",
		"base_4": "rays_3d_rails:block/oak/base_3",
		"iron_1": "rays_3d_rails:block/iron/rail_raised_3",
		"iron_2": "rays_3d_rails:block/iron/rail_raised_1",
		"redstone_1": "rays_3d_rails:block/redstone/rail_raised_3_off",
		"redstone_2": "rays_3d_rails:block/redstone/rail_raised_1_off"
	}
}