{
	"credit": "Made with Blockbench, by xR4YM0ND",
	"texture_size": [32, 32],
	"textures": {
		"0": "usefulrailroads:block/rays_intersection_rail",
		"particle": "usefulrailroads:block/rays_intersection_rail"
	},
	"elements": [
		{
			"from": [3, 1, 0],
			"to": [4, 2, 16],
			"faces": {
				"north": {"uv": [1, 11, 1.5, 11.5], "texture": "#0"},
				"east": {"uv": [4, 4, 12, 4.5], "texture": "#0"},
				"south": {"uv": [1.5, 11, 2, 11.5], "texture": "#0"},
				"west": {"uv": [4, 4.5, 12, 5], "texture": "#0"},
				"up": {"uv": [4.5, 13, 4, 5], "texture": "#0"},
				"down": {"uv": [5, 5, 4.5, 13], "texture": "#0"}
			}
		},
		{
			"from": [12, 1, 0],
			"to": [13, 2, 16],
			"faces": {
				"north": {"uv": [2, 11, 2.5, 11.5], "texture": "#0"},
				"east": {"uv": [5, 5, 13, 5.5], "texture": "#0"},
				"south": {"uv": [2.5, 11, 3, 11.5], "texture": "#0"},
				"west": {"uv": [5, 5.5, 13, 6], "texture": "#0"},
				"up": {"uv": [5.5, 14, 5, 6], "texture": "#0"},
				"down": {"uv": [6, 6, 5.5, 14], "texture": "#0"}
			}
		},
		{
			"from": [0, 1, 3],
			"to": [3, 2, 4],
			"faces": {
				"north": {"uv": [0, 10, 1.5, 10.5], "texture": "#0"},
				"east": {"uv": [3, 11, 3.5, 11.5], "texture": "#0"},
				"south": {"uv": [1.5, 10, 3, 10.5], "texture": "#0"},
				"west": {"uv": [3.5, 11, 4, 11.5], "texture": "#0"},
				"up": {"uv": [7.5, 10.5, 6, 10], "texture": "#0"},
				"down": {"uv": [11.5, 6, 10, 6.5], "texture": "#0"}
			}
		},
		{
			"from": [4, 1, 3],
			"to": [12, 2, 4],
			"faces": {
				"north": {"uv": [6, 6, 10, 6.5], "texture": "#0"},
				"east": {"uv": [6, 11, 6.5, 11.5], "texture": "#0"},
				"south": {"uv": [6, 6.5, 10, 7], "texture": "#0"},
				"west": {"uv": [6.5, 11, 7, 11.5], "texture": "#0"},
				"up": {"uv": [10, 7.5, 6, 7], "texture": "#0"},
				"down": {"uv": [10, 7.5, 6, 8], "texture": "#0"}
			}
		},
		{
			"from": [13, 1, 3],
			"to": [16, 2, 4],
			"faces": {
				"north": {"uv": [10, 6.5, 11.5, 7], "texture": "#0"},
				"east": {"uv": [7, 11, 7.5, 11.5], "texture": "#0"},
				"south": {"uv": [10, 7, 11.5, 7.5], "texture": "#0"},
				"west": {"uv": [7.5, 11, 8, 11.5], "texture": "#0"},
				"up": {"uv": [9, 10.5, 7.5, 10], "texture": "#0"},
				"down": {"uv": [11.5, 7.5, 10, 8], "texture": "#0"}
			}
		},
		{
			"from": [0, 1, 12],
			"to": [3, 2, 13],
			"faces": {
				"north": {"uv": [10, 8, 11.5, 8.5], "texture": "#0"},
				"east": {"uv": [8, 11, 8.5, 11.5], "texture": "#0"},
				"south": {"uv": [10, 8.5, 11.5, 9], "texture": "#0"},
				"west": {"uv": [8.5, 11, 9, 11.5], "texture": "#0"},
				"up": {"uv": [10.5, 10.5, 9, 10], "texture": "#0"},
				"down": {"uv": [11.5, 9, 10, 9.5], "texture": "#0"}
			}
		},
		{
			"from": [4, 1, 12],
			"to": [12, 2, 13],
			"faces": {
				"north": {"uv": [6, 8, 10, 8.5], "texture": "#0"},
				"east": {"uv": [9, 11, 9.5, 11.5], "texture": "#0"},
				"south": {"uv": [6, 8.5, 10, 9], "texture": "#0"},
				"west": {"uv": [9.5, 11, 10, 11.5], "texture": "#0"},
				"up": {"uv": [10, 9.5, 6, 9], "texture": "#0"},
				"down": {"uv": [10, 9.5, 6, 10], "texture": "#0"}
			}
		},
		{
			"from": [13, 1, 12],
			"to": [16, 2, 13],
			"faces": {
				"north": {"uv": [10, 9.5, 11.5, 10], "texture": "#0"},
				"east": {"uv": [10, 11, 10.5, 11.5], "texture": "#0"},
				"south": {"uv": [0, 10.5, 1.5, 11], "texture": "#0"},
				"west": {"uv": [10.5, 11, 11, 11.5], "texture": "#0"},
				"up": {"uv": [3, 11, 1.5, 10.5], "texture": "#0"},
				"down": {"uv": [7.5, 10.5, 6, 11], "texture": "#0"}
			}
		},
		{
			"from": [2, 0, 11.5],
			"to": [14, 1, 13.5],
			"faces": {
				"north": {"uv": [6, 0, 12, 0.5], "texture": "#0"},
				"east": {"uv": [3, 10, 4, 10.5], "texture": "#0"},
				"south": {"uv": [6, 0.5, 12, 1], "texture": "#0"},
				"west": {"uv": [3, 10.5, 4, 11], "texture": "#0"},
				"up": {"uv": [6, 1, 0, 0], "texture": "#0"},
				"down": {"uv": [6, 1, 0, 2], "texture": "#0"}
			}
		},
		{
			"from": [2, 0, 2.5],
			"to": [14, 1, 4.5],
			"faces": {
				"north": {"uv": [6, 1, 12, 1.5], "texture": "#0"},
				"east": {"uv": [7.5, 10.5, 8.5, 11], "texture": "#0"},
				"south": {"uv": [6, 1.5, 12, 2], "texture": "#0"},
				"west": {"uv": [8.5, 10.5, 9.5, 11], "texture": "#0"},
				"up": {"uv": [6, 3, 0, 2], "texture": "#0"},
				"down": {"uv": [6, 3, 0, 4], "texture": "#0"}
			}
		},
		{
			"from": [2.5, 0.004, 2],
			"to": [4.5, 0.996, 14],
			"faces": {
				"north": {"uv": [9.5, 10.5, 10.5, 11], "texture": "#0"},
				"east": {"uv": [6, 2, 12, 2.5], "texture": "#0"},
				"south": {"uv": [10.5, 10, 11.5, 10.5], "texture": "#0"},
				"west": {"uv": [6, 2.5, 12, 3], "texture": "#0"},
				"up": {"uv": [1, 10, 0, 4], "texture": "#0"},
				"down": {"uv": [2, 4, 1, 10], "texture": "#0"}
			}
		},
		{
			"from": [11.5, 0.004, 2],
			"to": [13.5, 0.996, 14],
			"faces": {
				"north": {"uv": [10.5, 10.5, 11.5, 11], "texture": "#0"},
				"east": {"uv": [6, 3, 12, 3.5], "texture": "#0"},
				"south": {"uv": [0, 11, 1, 11.5], "texture": "#0"},
				"west": {"uv": [6, 3.5, 12, 4], "texture": "#0"},
				"up": {"uv": [3, 10, 2, 4], "texture": "#0"},
				"down": {"uv": [4, 4, 3, 10], "texture": "#0"}
			}
		}
	],
	"gui_light": "front",
	"display": {
		"thirdperson_righthand": {
			"rotation": [90, 0, 0],
			"translation": [0, 2.25, 4.5],
			"scale": [0.6, 0.6, 0.6]
		},
		"thirdperson_lefthand": {
			"rotation": [90, 0, 0],
			"translation": [0, 2.25, 4.5],
			"scale": [0.6, 0.6, 0.6]
		},
		"firstperson_righthand": {
			"rotation": [50, 0, 75],
			"translation": [3, 0.5, -6]
		},
		"firstperson_lefthand": {
			"rotation": [50, 0, 75],
			"translation": [3, 0.5, -6]
		},
		"ground": {
			"translation": [0, 2.5, 0],
			"scale": [0.5, 0.5, 0.5]
		},
		"gui": {
			"rotation": [90, 0, 0]
		},
		"head": {
			"rotation": [90, 0, 0],
			"translation": [0, 0, 14.5]
		},
		"fixed": {
			"rotation": [-90, 0, 0],
			"translation": [0, 0, -8]
		}
	},
	"groups": [
		{
			"name": "rail",
			"origin": [8, 8, 8],
			"color": 0,
			"children": [0, 1, 2, 3, 4, 5, 6, 7]
		},
		{
			"name": "steps",
			"origin": [8, 8, 8],
			"color": 0,
			"children": [8, 9, 10, 11]
		}
	]
}